energies_json,params_json
-0.9485805422879904,"[0.0, 0.0, 0.0]"
-0.9373462055959635,"[0.1, 0.0, 0.0]"
-0.9353574089830928,"[0.0, 0.1, 0.0]"
-0.8819610548442542,"[0.0, 0.0, 0.1]"
-0.9371543519989236,"[-0.1, 0.0, 0.0]"
-0.9350860274208168,"[0.0, -0.1, 0.0]"
-0.866849565521257,"[0.0, 0.0, -0.1]"
-0.9237095104030114,"[0.1, 0.1, 0.0]"
-0.8693563484163235,"[0.0, 0.1, 0.1]"
-0.872226197142783,"[0.1, 0.0, 0.1]"
-0.9484011498639182,"[0.0, 0.0, 0.0]"
